claim or decision,classification,source,confidence,owner,required validation,safe-use guidance,Source
Approved Fitcheck pricing: $99 monthly / $799 yearly,approved fact,"Current Fitcheck landing configuration, founder direction, brand brief, and Messaging Direction Summary",High,Thoughtseed / Founder / Product Team,None (Mandated commercial source of truth); Reconciliation with Shopify listing,Interpretation boundaries: Use those prices consistently; Must reflect the $99 monthly / $799 yearly structure regardless of live listing discrepancies. No promised outcome is embedded in the price.,"[1], [2], [3], [4]"
"Internal outbound performance: 1,241 sends, 18 replies, 5 provider-labelled hot leads; $37.23 cost",observed signal,Existing Explee campaign analytics; Fitcheck Messaging Direction Summary; wiki/docs/operations/campaign-learning.md,High,Internal Sales/Marketing / Outreach Team,Continued outbound learning; Ongoing prioritization input,"Interpretation boundaries: A small signal for continued outbound learning. Limits: Not revenue, product-market-fit evidence, or commercial proof.","[1], [2], [4]"
Public descriptor: AI Fit Confidence for Shopify,approved fact,Fitcheck brand brief,High,Product Team,Not in source,"Interpretation boundary: Position as product-page confidence layer, not as promise of conversion lift or return reduction.",[3]
"Fitcheck is a Shopify App Store app by Thoughtseed, launched July 23, 2026",approved fact,"Firecrawl fetch of Fitcheck Shopify listing, 2026-08-10",High,Thoughtseed,Re-check live fields before publication,"Interpretation boundaries: Reference the verified distribution presence. Limits: Reviews, listing copy, and pricing are live fields.",[1]
"Live Fitcheck listing shows 'Free' pricing, legacy performance claims, and pricing discrepancies",external discrepancy,Firecrawl fetch of Fitcheck Shopify listing; Fitcheck Messaging Direction Summary; research/EVIDENCE-LEDGER.md,High,Thoughtseed (Legacy) / Operations Team,Independent re-fetch to align with commercial truth; Evidence ledger reconciliation,Interpretation boundaries: Treat as an external reconciliation item; do not use live listing as price source. Limits: Do not use performance/return claims in materials.,"[1], [2], [4]"
Positioning and messaging decisions,approved fact,wiki/MDS.md,High,Not in source,Provenance for factual outputs,Limits: Treat as the default copy spine.,[4]
Apparel and footwear commonly have above-average return rates because fit and sizing are difficult to judge online,approved fact,Shopify returns guide,High,Shopify,Fitcheck-specific measurement for outcome claims,Interpretation boundaries: Fit uncertainty is a credible merchant problem to explore. Limits: Do not claim Fitcheck reduces returns without specific measurement.,[1]
Shopify’s virtual-try-on category contains 297 apps,approved fact,Shopify category (Brave/Exa search),High,Shopify,None,Interpretation boundaries: The category is crowded; discoverability needs a deliberate distribution plan. Limits: A directory count is not market size or demand.,[1]
Growth motion is distribution-led; Organic App Store discovery is not the initial acquisition dependency,observed signal,Fitcheck brand brief,Medium,Growth Team,Merchant-specific measurement; Targeted merchant outreach,Interpretation boundary: Not a dependency on organic discovery. Limits: Use targeted merchant outreach and guided setup instead.,[3]
Fashion Marketplaces had the best reply-rate cohort (3.0%),observed signal,Existing Explee cohort analytics,Medium,Internal Sales/Marketing,New pilot testing,Interpretation boundaries: Prioritization hypothesis for a new pilot. Limits: Not a statistically conclusive ICP finding.,[1]
Synthenova’s FitCheck listing shows a free plan and usage-based paid plans,external discrepancy,Synthenova listing (Shopify App Store),High (at retrieval),Synthenova,Later fetch for current details,Interpretation boundaries: Name collision is real; differentiate descriptor and identity. Limits: Live data changes; do not infer installs or revenue.,[1]
Primary working ICP is founder/operator at emerging to mid-market Shopify fashion brands,hypothesis,Fitcheck Messaging Direction Summary,Medium,Distribution Team,Further market validation required,"Limits: This is a hypothesis to validate, not a claim about current customers.",[2]
A descriptor-led identity—AI Fit Confidence for Shopify—can distinguish Fitcheck from Synthenova,hypothesis,Working hypotheses to test,Low,Product/Brand Team,Market testing/Identity assessment,Interpretation boundaries: Assess and extend existing identity rather than regenerate blindly.,[1]
Guided setup and a measurement plan may reduce perceived adoption risk for merchants,hypothesis,Working hypotheses to test,Low,Product/Success Team,Merchant pilot feedback,Not in source,[1]
